﻿word1,word2,intersection_count,count1,count2,union_count,jaccard_coef
四国銀行,高知銀行,4,4,4,4,1.0
メディパルホールディングス,楽天グループ,2,2,2,2,1.0
ティーケーピー,ユニバーサルエンターテインメント,2,2,2,2,1.0
アイ・オー・データ機器,三谷産業,2,2,2,2,1.0
アサカ理研,鉱研工業,1,1,1,1,1.0
丸一鋼管,電源開発,1,1,1,1,1.0
ナイス,名古屋銀行,2,3,3,4,0.5
サイバーエージェント,バンダイナムコホールディングス,2,4,2,4,0.5
アイシン,住友理工,2,2,4,4,0.5
ルネサスエレクトロニクス,日本板硝子,1,1,2,2,0.5
三洋化成工業,東京エレクトロンデバイス,3,9,3,9,0.3333333333333333
スズデン,因幡電機産業,2,4,4,6,0.3333333333333333
スズデン,明治電機工業,2,4,4,6,0.3333333333333333
因幡電機産業,明治電機工業,2,4,4,6,0.3333333333333333
ダイキョーニシカワ,西川ゴム工業,1,2,2,3,0.3333333333333333
参天製薬,宇部興産,4,9,8,13,0.3076923076923077
シード,参天製薬,3,4,9,10,0.3
アスクル,不二ラテックス,2,5,4,7,0.2857142857142857
アクセルマーク,リード,28,42,94,108,0.25925925925925924
近鉄グループホールディングス,阪急阪神ホールディングス,4,10,10,16,0.25
シークス,石原産業,2,7,4,9,0.2222222222222222
三井不動産,東京建物,2,8,3,9,0.2222222222222222
ビジョン,メニコン,9,41,13,45,0.2
住友ベークライト,大日本住友製薬,5,14,16,25,0.2
バルニバービ,鎌倉新書,4,12,12,20,0.2
ホクト,雪国まいたけ,2,6,6,10,0.2
ホクト,亀田製菓,2,6,6,10,0.2
ブルボン,ホクト,2,6,6,10,0.2
亀田製菓,雪国まいたけ,2,6,6,10,0.2
ブルボン,雪国まいたけ,2,6,6,10,0.2
ブルボン,亀田製菓,2,6,6,10,0.2
日立建機,日立金属,2,4,8,10,0.2
ヤクルト本社,新日本科学,1,4,2,5,0.2
フジクラ,古河電気工業,1,4,2,5,0.2
レーザーテック,古河電池,1,5,1,5,0.2
サーバーワークス,フィーチャ,2,3,10,11,0.18181818181818182
オリエンタル白石,サワイグループホールディングス,4,14,14,24,0.16666666666666666
オキサイド,オリエンタル白石,4,14,14,24,0.16666666666666666
オキサイド,サワイグループホールディングス,4,14,14,24,0.16666666666666666
ブロードバンドセキュリティ,大日本印刷,8,12,48,52,0.15384615384615385
タカラバイオ,宝ホールディングス,2,10,5,13,0.15384615384615385
コーセー,ファンケル,2,8,8,14,0.14285714285714285
クラウドワークス,ラクスル,1,4,4,7,0.14285714285714285
DX,ロボット,777,1848,4715,5786,0.13428966470791565
モビリティ,昭和電工,108,635,307,834,0.12949640287769784
コーセー,光通信,2,8,10,16,0.125
ファンケル,光通信,2,8,10,16,0.125
ヒューマン・メタボローム・テクノロジーズ,ファンペップ,1,2,7,8,0.125
前田建設工業,日機装,16,21,124,129,0.12403100775193798
キヤノン,コニカミノルタ,80,512,223,655,0.12213740458015267
キヤノン電子,リオン,4,15,22,33,0.12121212121212122
住友化学,東洋紡,2,4,16,18,0.1111111111111111
ゼンショーホールディングス,ワークマン,1,2,8,9,0.1111111111111111
三井不動産,新生銀行,1,8,2,9,0.1111111111111111
メドピア,三菱電機,18,69,113,164,0.10975609756097561
三菱ケミカルホールディングス,運送,2,13,8,19,0.10526315789473684
ザインエレクトロニクス,ハブ,3,10,22,29,0.10344827586206896
ワークマン,出前館,1,8,3,10,0.1
住友電気工業,古河電気工業,1,9,2,10,0.1
エーザイ,伊藤園,26,229,62,265,0.09811320754716982
マルハニチロ,丸井グループ,2,21,2,21,0.09523809523809523
岩谷産業,日本瓦斯,2,20,4,22,0.09090909090909091
ユビテック,不二精機,1,1,11,11,0.09090909090909091
医療,自動車,3400,37609,4874,39083,0.08699434536755112
ジャパン・ティッシュ・エンジニアリング,帝人,5,6,57,58,0.08620689655172414
オークネット,大和,6,55,21,70,0.08571428571428572
フジクラ,住友電気工業,1,4,9,12,0.08333333333333333
シミックホールディングス,日本ユニシス,1,11,3,13,0.07692307692307693
エディオン,小野薬品工業,1,7,7,13,0.07692307692307693
エディオン,カプコン,1,7,7,13,0.07692307692307693
エディオン,上新電機,1,7,7,13,0.07692307692307693
エディオン,住友精化,1,7,7,13,0.07692307692307693
カプコン,小野薬品工業,1,7,7,13,0.07692307692307693
上新電機,小野薬品工業,1,7,7,13,0.07692307692307693
住友精化,小野薬品工業,1,7,7,13,0.07692307692307693
カプコン,上新電機,1,7,7,13,0.07692307692307693
カプコン,住友精化,1,7,7,13,0.07692307692307693
上新電機,住友精化,1,7,7,13,0.07692307692307693
サカタのタネ,図研,1,7,7,13,0.07692307692307693
アクセル,ソフトバンクグループ,2,4,25,27,0.07407407407407407
三協立山,田中精密工業,2,25,4,27,0.07407407407407407
トラスト,大日本印刷,4,11,48,55,0.07272727272727272
マニー,荏原実業,2,14,17,29,0.06896551724137931
DX,デジタルトランスフォーメーション,134,1848,285,1999,0.0670335167583792
レイ,日機装,10,37,124,151,0.06622516556291391
グンゼ,ナック,2,32,2,32,0.0625
シスメックス,川崎重工業,26,193,253,420,0.06190476190476191
川崎汽船,日本郵船,1,9,9,17,0.058823529411764705
ウェルスナビ,ビジョナル,1,9,9,17,0.058823529411764705
大日本住友製薬,新日本科学,1,16,2,17,0.058823529411764705
商船三井,川崎汽船,2,29,9,36,0.05555555555555555
住友電気工業,近鉄グループホールディングス,1,9,10,18,0.05555555555555555
住友電気工業,阪急阪神ホールディングス,1,9,10,18,0.05555555555555555
オムロン,キーエンス,12,184,48,220,0.05454545454545454
ヤクルト本社,大日本住友製薬,1,4,16,19,0.05263157894736842
