﻿word1,word2,intersection_count,count1,count2,union_count,jaccard_coef
前田建設工業,前田道路,2,2,2,2,1.0
フェローテックホールディングス,東洋合成工業,2,2,2,2,1.0
大東銀行,福島銀行,2,2,2,2,1.0
沖縄銀行,琉球銀行,1,1,1,1,1.0
早稲田アカデミー,明光ネットワークジャパン,1,1,1,1,1.0
島根銀行,秋田銀行,1,1,1,1,1.0
ラサ工業,日本電子材料,4,6,6,8,0.5
森永乳業,森永製菓,4,8,4,8,0.5
イー・ギャランティ,マネーフォワード,2,2,4,4,0.5
エイチ・アイ・エス,西日本フィナンシャルホールディングス,2,5,2,5,0.4
トランスジェニック,ミズホメディー,2,4,4,6,0.3333333333333333
さくらインターネット,ロイヤルホテル,14,63,28,77,0.18181818181818182
アサカ理研,アズーム,2,8,6,12,0.16666666666666666
チエル,岡本硝子,1,2,5,6,0.16666666666666666
ヘッドウォータース,大豊建設,1,6,2,7,0.14285714285714285
京成電鉄,新京成電鉄,10,63,28,81,0.12345679012345678
エージェント,学情,2,17,2,17,0.11764705882352941
スパークス・グループ,高砂熱学工業,1,9,2,10,0.1
近鉄グループホールディングス,阪急阪神ホールディングス,2,8,16,22,0.09090909090909091
いちよし証券,丸八証券,1,6,6,11,0.09090909090909091
いちよし証券,藍澤證券,1,6,6,11,0.09090909090909091
丸八証券,藍澤證券,1,6,6,11,0.09090909090909091
ウルトラファブリックス・ホールディングス,日本エマージェンシーアシスタンス,1,6,6,11,0.09090909090909091
ウルトラファブリックス・ホールディングス,毎日コムネット,1,6,6,11,0.09090909090909091
日本エマージェンシーアシスタンス,毎日コムネット,1,6,6,11,0.09090909090909091
ゼンショーホールディングス,住友林業,2,20,5,23,0.08695652173913043
ゼロ,トラスト,141,1016,813,1688,0.0835308056872038
大和,通信,14052,38499,147172,171619,0.08187904602637237
ハブ,ポート,60,244,559,743,0.08075370121130551
小田急電鉄,東武鉄道,4,32,26,54,0.07407407407407407
パルマ,フーバーブレイン,3,34,11,42,0.07142857142857142
東武鉄道,武蔵野銀行,2,26,4,28,0.07142857142857142
ファブリカコミュニケーションズ,表示灯,2,24,6,28,0.07142857142857142
ファミリー,不二家,46,209,497,660,0.0696969696969697
エイチ・ツー・オーリテイリング,近鉄百貨店,2,4,27,29,0.06896551724137931
沖縄電力,碧,2,2,29,29,0.06896551724137931
住友精化,小野薬品工業,1,7,9,15,0.06666666666666667
サイバートラスト,日本電気,3,32,19,48,0.0625
コンコルディア・フィナンシャルグループ,千葉銀行,2,2,32,32,0.0625
南海電気鉄道,阪急阪神ホールディングス,1,1,16,16,0.0625
アンジェス,サンバイオ,2,33,2,33,0.06060606060606061
ソースネクスト,日本瓦斯,2,11,25,34,0.058823529411764705
アークス,キャンドゥ,1,9,9,17,0.058823529411764705
富士急行,東和薬品,1,10,8,17,0.058823529411764705
日清食品ホールディングス,東洋水産,1,17,1,17,0.058823529411764705
ピーシーデポコーポレーション,フェリシモ,1,9,9,17,0.058823529411764705
大日本住友製薬,近鉄グループホールディングス,1,10,8,17,0.058823529411764705
イー・ロジット,ブロードマインド,2,19,19,36,0.05555555555555555
ガーラ,ビーマップ,1,9,10,18,0.05555555555555555
グルメ杵屋,ミニストップ,1,7,12,18,0.05555555555555555
デジタルトランスフォーメーション,日立製作所,399,3338,4621,7560,0.05277777777777778
セレスポ,プレミアムウォーターホールディングス,1,10,10,19,0.05263157894736842
ジャパンベストレスキューシステム,プレミアムウォーターホールディングス,1,10,10,19,0.05263157894736842
トーエル,プレミアムウォーターホールディングス,1,10,10,19,0.05263157894736842
プレミアムウォーターホールディングス,三洋堂ホールディングス,1,10,10,19,0.05263157894736842
ジャパンベストレスキューシステム,セレスポ,1,10,10,19,0.05263157894736842
セレスポ,トーエル,1,10,10,19,0.05263157894736842
セレスポ,三洋堂ホールディングス,1,10,10,19,0.05263157894736842
ジャパンベストレスキューシステム,トーエル,1,10,10,19,0.05263157894736842
ジャパンベストレスキューシステム,三洋堂ホールディングス,1,10,10,19,0.05263157894736842
トーエル,三洋堂ホールディングス,1,10,10,19,0.05263157894736842
いちよし証券,グローバルウェイ,1,6,15,20,0.05
グローバルウェイ,丸八証券,1,15,6,20,0.05
グローバルウェイ,藍澤證券,1,15,6,20,0.05
