﻿企業名,file_name,事業所住所
グンゼ,2021年3月期_決算説明資料.docx,/Users/shintaro/Downloads/中外鉱業.csv
日産自動車,AR19_J_All.docx,
大和,nan,
ゼンリン,21smaterial.docx,
近鉄グループホールディングス,20210519setumeikai_siryou.docx,
小田急電鉄,odakyu_2021.1Q_PPT_kaisetsu.docx,
マルハニチロ,report2020.docx,
マルシェ,021fcb81c10729c98265bdd8297584bc.docx,
丸八証券,nan,
参天製薬,ar2020.docx,
ファンケル,book.docx,
ポート,140120210615449263.docx,
伊藤園,20210401.docx,
ナック,ir_fy2021_Q1_ppt.docx,
ケアサービス,setsumei_fy2021.docx,
ヤオコー,i-report_2021.docx,
住友林業,ar2021jpn.docx,
大日本住友製薬,integrated_report2020_rev2.docx,
日本通運,gzAz.docx,
沖縄電力,20210430.docx,
ローソン,ar_2021.docx,
アンジェス,100534.docx,
ユーグレナ,00.docx,
アステラス製薬,1105_all_jp.docx,
ソフトバンク,annual-report_fy2021_01_ja.docx,
日機装,00 (1).docx,
東洋紡,toyobo_report_2021_jp.docx,
東芝,tir2020.docx,
宇部興産,integrated_2021_jp.docx,
東武鉄道,20210518105039cfHErBuq_hXPRptuOIcwZA.docx,
ユニ・チャーム,J_Integrated_Report_2021_all.docx,
マックスバリュ西日本,39_all.docx,
富士通,all.docx,
花王,reports-fy2021j-all-001_02.docx,
メドピア,00 (2).docx,
ルネサスエレクトロニクス,2021-2q-presen-ja.docx,
キヤノン,report2020 (1).docx,
エス・エム・エス,FY21_Q1_presentation.docx,
サンバイオ,00 (3).docx,
ＡＮＡホールディングス,21_00.docx,
村田製作所,20q4-j-speach-2.docx,
住友商事,integrated-2020.docx,
いちよし証券,20210520_irsiryoj.docx,
ソースネクスト,21034q.docx,
日本瓦斯,日本瓦斯 ir 2.docx,
ユナイテッド,ユナイテッド ir.docx,
アスクル,アスクル ir.docx,
コシダカホールディングス,コシダカホールディングス ir.docx,
キーエンス,nan,
丸井グループ,丸井グループ ir.docx,
岡山県貨物運送,岡山県貨物運送株式会社 ir.docx,
住友ゴム工業,住友ゴム工業 ir.docx,
日本郵船,日本郵船 ir.docx,
阪急阪神ホールディングス,阪急阪神ホールディングス ir.docx,
アクセルマーク,アクセルマーク ir.docx,
丸紅,丸紅 ir.docx,
石原産業,石原産業 ir.docx,
住友理工,住友理工 ir.docx,
オークネット,オークネット ir.docx,
ＫＤＤＩ,KDDI ir.docx,
ココナラ,ココナラ ir.docx,
エイチ・アイ・エス,his ir.docx,
ロイヤルホテル,ロイヤルホテル ir.docx,
ニチリョク,nan,
不二家,不二家 ir.docx,
光通信,光通信 ir.docx,
岩谷産業,岩谷産業 ir.docx,
ブリヂストン,ブリヂストン ir.docx,
昭和電工,昭和電工 ir.docx,
学情,nan,
フロンティア,フロンティア ir.docx,
帝人,帝人 ir.docx,
味の素,味の素 ir.docx,
前田建設工業,前田建設工業 ir.docx,
アサヒグループホールディングス,アサヒグループ ir.docx,
セリア,セリア ir.docx,
新生銀行,新生銀行 ir.docx,
三菱商事,三菱商事 ir.docx,
アイカ工業,アイカ工業 ir.docx,
大日本印刷,大日本印刷 ir.docx,
ラクスル,ラクスル ir.docx,
山九,山九 ir.docx,
サイゼリヤ,サイゼリヤ ir.docx,
ファミリー,ファミリー ir.docx,
トランコム,トランコム ir.docx,
シークス,シークス ir.docx,
グリー,グリー ir.docx,
フリー,フリー ir.docx,
資生堂,資生堂.docx,
サンオータス,nan,
リオン,リオン.docx,
コンコルディア・フィナンシャルグループ,コンコルディア・フィナンシャル.docx,
出光興産,出光興産.docx,
住友ベークライト,住友ベークライト.docx,
菊池製作所,菊池製作所.docx,
燦ホールディングス,燦ホールディングス.docx,
日本板硝子,日本板硝子.docx,
メニコン,メニコン.docx,
日本航空,日本航空.docx,
ティア,ティア.docx,
デンソー,デンソー.docx,
レイ,レイ.docx,
ヤマハ発動機,ヤマハ発動機.docx,
大東建託,大東建託.docx,
パルマ,パルマ.docx,
出前館,出前館.docx,
京成電鉄,京成電鉄.docx,
ダイセル,ダイセル.docx,
シンポ,nan,
アクセル,アクセル.docx,
ワークマン,ワークマン.docx,
百十四銀行,百十四銀行.docx,
アトム,アトム.docx,
ジェイエスエス,ジェイエスエス.docx,
いすゞ自動車,nan,
碧,nan,
ヤマトホールディングス,ヤマトホールディングス.docx,
青森銀行,青森銀行.docx,
グローバルウェイ,グローバルウェイ.docx,
ニプロ,ニプロ.docx,
ジャパン・ティッシュ・エンジニアリング,ジャパン・ティッシュ・エンジニアリング.docx,
シード,シード.docx,
東洋水産,東洋水産.docx,
積水ハウス,積水ハウス.docx,
豊田通商,豊田通商.docx,
マツダ,マツダ.docx,
マニー,マニー.docx,
フジ,フジ.docx,
ユビテック,ユビテック.docx,
千葉銀行,千葉銀行.docx,
森永乳業,森永乳業.docx,
森永製菓,森永製菓.docx,
アウトソーシング,アウトソーシング-IR.docx,
トヨタ自動車,TOYOTA-annual report.docx,
ブロードバンドセキュリティ,ブロードバンドセキュリティ-IR.docx,
三井化学,三井化学-annual report.docx,
ラック,ラック-IR.docx,
日野自動車,日野自動車-IR.docx,
西日本フィナンシャルホールディングス,西日本FH-IR.docx,
メルカリ,メルカリ-sustanability report.docx,
エン・ジャパン,エン・ジャパン-IR.docx,
南海電気鉄道,南海電鉄-説明会資料.docx,
荏原実業,荏原実業-決算説明会.docx,
サンドラッグ,nan,
オリンパス,IR-オリンパス.docx,
テルモ,テルモ-annual report.docx,
エージェント,nan,
新京成電鉄,新京成電鉄-事業報告書.docx,
ベネフィット・ワン,ベネフィット・ワン-報告書.docx,
ユニチカ,ユニチカ-決算説明会.docx,
マキタ,マキタ-IR.docx,
ザインエレクトロニクス,ザインE-決算説明会.docx,
三菱総合研究所,三菱総研ー2020report.docx,
キヤノン電子,キヤノン電子-2021中間報告書.docx,
三井住友フィナンシャルグループ,三井住友FG-IR.docx,
フーバーブレイン,フーバーブレイン-決算説明会.docx,
シャープ,シャープ-2020annual report.docx,
京セラ,京セラ-統合報告書.docx,
富士電機,富士電機-annual report.docx,
島津製作所,島津製作所-統合報告書.docx,
ステップ,ステップ-事業報告書.docx,
三井物産,三井物産-統合報告書.docx,
アイシン,アイシン-決算説明会事業2021.docx,
ワタミ,ワタミ-決算説明会2021.docx,
メイテック,メイテック-通期説明会.docx,
パス,パス-2020決算説明会第２四半期.docx,
ソフトバンクグループ,ソフトバンクG-annual report.docx,
鈴木,鈴木-事業報告書2020.docx,
江崎グリコ,江崎グリコ-2021中間事業報告書.docx,
ナカヨ,ナカヨ-2020決算説明会.docx,
シスメックス,シスメックス-統合報告書2020.docx,
日新,日新-2021四半期報告書.docx,
日本触媒,日本触媒-technoamenity report2020.docx,
三菱電機,三菱電機-annual report.docx,
クリエイト,クリエイト-期末決算.docx,
東京建物,東京建物-統合報告書.docx,
宝ホールディングス,宝ホールディングス(統合報告書).docx,
動力,動力.docx,
オムロン,オムロン(統合報告書).docx,
不二精機,不二精機(決算説明).docx,
富士フイルムホールディングス,富士フイルムホールディングス(統合報告書).docx,
新日本科学,新日本科学(決算説明).docx,
クルーズ,クルーズ(決算説明).docx,
富士ソフト,富士ソフト(決算説明).docx,
日本通信,日本通信(決算説明).docx,
エラン,エラン(決算説明).docx,
ビズライト・テクノロジー,ビズライト・テクノロジー.docx,
日清食品ホールディングス,日清食品ホールディングス(決算説明).docx,
サイバーエージェント,サイバーエージェント(統合報告書).docx,
三井不動産,三井不動産(統合報告書).docx,
ランド,ランド.docx,
関西電力,関西電力(統合報告書).docx,
ナイス,ナイス(決算説明).docx,
みずほフィナンシャルグループ,みずほフィナンシャルグループ(決算説明).docx,
ハブ,ハブ(決算説明).docx,
パナソニック,パナソニック(統合報告書).docx,
藍澤證券,藍澤證券(決算説明).docx,
日立製作所,日立製作所(統合報告書).docx,
さくらインターネット,さくらインターネット(決算説明).docx,
ヤマト,ヤマト(統合報告書).docx,
横浜ゴム,横浜ゴム(統合報告書).docx,
リコー,リコー(統合報告書).docx,
アンリツ,アンリツ(統合報告書).docx,
野村ホールディングス,野村ホールディングス(統合報告書).docx,
パーソルホールディングス,パーソルホールディングス(統合報告書).docx,
川崎重工業,川崎重工業(統合報告書).docx,
平安レイサービス,平安レイサービス(決算説明).docx,
ヒューマンクリエイションホールディングス,ヒューマンクリエイションホールディングス.docx,
ゼンショーホールディングス,ゼンショーホールディングス(決算説明).docx,
丸和運輸機関,丸和運輸機関(決算説明).docx,
エーザイ,エーザイ(統合報告書).docx,
ヤクルト本社,ヤクルト本社(CSR).docx,
静岡銀行,静岡銀行(統合報告書).docx,
コニカミノルタ,コニカミノルタ(統合報告書).docx,
ダスキン,ダスキン(決算説明).docx,
タカラバイオ,タカラバイオ(統合報告書).docx,
三菱重工業,三菱重工業(統合報告書).docx,
住友化学,住友化学(統合報告書).docx,
北洋銀行,北洋銀行(決算説明).docx,