﻿企業名,file_name,事業所住所,
グンゼ,2021年3月期_決算説明資料.docx,グンゼ.csv,
日産自動車,AR19_J_All.docx,nan,?
大和,nan,大和.csv,
ゼンリン,21smaterial.docx,ゼンリン.csv,?
近鉄グループホールディングス,20210519setumeikai_siryou.docx,近鉄グループホールディングス.csv,
小田急電鉄,odakyu_2021.1Q_PPT_kaisetsu.docx,nan,
マルハニチロ,report2020.docx,マルハニチロ.csv,
マルシェ,021fcb81c10729c98265bdd8297584bc.docx,nan,
丸八証券,nan,丸八証券.csv,
参天製薬,ar2020.docx,参天製薬.csv,
ファンケル,book.docx,ファンケル.csv,
ポート,140120210615449263.docx,ポート.csv,
伊藤園,20210401.docx,伊藤園.csv,
ナック,ir_fy2021_Q1_ppt.docx,nan,
ケアサービス,setsumei_fy2021.docx,ケアサービス.csv,
ヤオコー,i-report_2021.docx,nan,
住友林業,ar2021jpn.docx,nan,
大日本住友製薬,integrated_report2020_rev2.docx,大日本住友製薬.csv,
日本通運,gzAz.docx,nan,
沖縄電力,20210430.docx,沖縄電力.csv,
ローソン,ar_2021.docx,nan,
アンジェス,100534.docx,アンジェス.csv,
ユーグレナ,00.docx,ユーグレナ.csv,
アステラス製薬,1105_all_jp.docx,アステラス製薬.csv,
ソフトバンク,annual-report_fy2021_01_ja.docx,nan,
日機装,00 (1).docx,日機装.csv,
東洋紡,toyobo_report_2021_jp.docx,東洋紡.csv,
東芝,tir2020.docx,東芝.csv,
宇部興産,integrated_2021_jp.docx,宇部興産.csv,
東武鉄道,20210518105039cfHErBuq_hXPRptuOIcwZA.docx,nan,
ユニ・チャーム,J_Integrated_Report_2021_all.docx,nan,
マックスバリュ西日本,39_all.docx,nan,
富士通,all.docx,富士通.csv,
花王,reports-fy2021j-all-001_02.docx,花王.csv,
メドピア,00 (2).docx,nan,
ルネサスエレクトロニクス,2021-2q-presen-ja.docx,ルネサスエレクトロニクス.csv,
キヤノン,report2020 (1).docx,キャノン.csv,
エス・エム・エス,FY21_Q1_presentation.docx,エス・エム・エス.csv,
サンバイオ,00 (3).docx,nan,
ＡＮＡホールディングス,21_00.docx,nan,
村田製作所,20q4-j-speach-2.docx,村田製作所.csv,
住友商事,integrated-2020.docx,住友商事.csv,
いちよし証券,20210520_irsiryoj.docx,nan,
ソースネクスト,21034q.docx,nan,
日本瓦斯,日本瓦斯 ir 2.docx,日本瓦斯.csv,
ユナイテッド,ユナイテッド ir.docx,ユナイテッド.csv,
アスクル,アスクル ir.docx,アスクル.csv,
コシダカホールディングス,コシダカホールディングス ir.docx,コシダカホールディングス.csv,
キーエンス,nan,キーエンス.csv,
丸井グループ,丸井グループ ir.docx,丸井グループ.csv,
岡山県貨物運送,岡山県貨物運送株式会社 ir.docx,岡山県貨物運送.csv,
住友ゴム工業,住友ゴム工業 ir.docx,住友ゴム工業.csv,
日本郵船,日本郵船 ir.docx,日本郵船.csv,
阪急阪神ホールディングス,阪急阪神ホールディングス ir.docx,阪急阪神ホールディングス.csv,
アクセルマーク,アクセルマーク ir.docx,アクセルマーク.csv,
丸紅,丸紅 ir.docx,丸紅.csv,
石原産業,石原産業 ir.docx,石原産業.csv,
住友理工,住友理工 ir.docx,住友理工.csv,
オークネット,オークネット ir.docx,オークネット.csv,
ＫＤＤＩ,KDDI ir.docx,KDDI.csv,
ココナラ,ココナラ ir.docx,nan,
エイチ・アイ・エス,his ir.docx,his.csv,
ロイヤルホテル,ロイヤルホテル ir.docx,ロイヤルホテル.csv,
ニチリョク,nan,ニチリョク.csv,
不二家,不二家 ir.docx,不二家.csv,
光通信,光通信 ir.docx,光通信.csv,
岩谷産業,岩谷産業 ir.docx,岩谷産業.csv,
ブリヂストン,ブリヂストン ir.docx,ブリヂストン.csv,
昭和電工,昭和電工 ir.docx,昭和電工.csv,
学情,nan,学情.csv,
フロンティア,フロンティア ir.docx,フロンティア.csv,
帝人,帝人 ir.docx,帝人.csv,
味の素,味の素 ir.docx,味の素.csv,
前田建設工業,前田建設工業 ir.docx,前田建設工業.csv,
アサヒグループホールディングス,アサヒグループ ir.docx,アサヒグループホールディングス.csv,
セリア,セリア ir.docx,セリア.csv,
新生銀行,新生銀行 ir.docx,新生銀行.csv,
三菱商事,三菱商事 ir.docx,三菱商事.csv,
アイカ工業,アイカ工業 ir.docx,アイカ工業.csv,
大日本印刷,大日本印刷 ir.docx,大日本印刷.csv,
ラクスル,ラクスル ir.docx,ラクスル.csv,
山九,山九 ir.docx,山九.csv,
サイゼリヤ,サイゼリヤ ir.docx,サイゼリヤ.csv,
ファミリー,ファミリー ir.docx,ファミリー.csv,
トランコム,トランコム ir.docx,トランコム.csv,
シークス,シークス ir.docx,シークス.csv,
グリー,グリー ir.docx,グリー.csv,
フリー,フリー ir.docx,フリー.csv,
資生堂,資生堂.docx,資生堂事業所.csv,
サンオータス,nan,,
リオン,リオン.docx,リオン事業所.csv,
コンコルディア・フィナンシャルグループ,コンコルディア・フィナンシャル.docx,コンコルディア・フィナンシャル事業所.csv,
出光興産,出光興産.docx,出光興産事業所.csv,
住友ベークライト,住友ベークライト.docx,住友ベークライト事業所.csv,
菊池製作所,菊池製作所.docx,菊池製作所事業所.csv,
燦ホールディングス,燦ホールディングス.docx,燦ホールディングス事業所.csv,
日本板硝子,日本板硝子.docx,日本板硝子事業所.csv,
メニコン,メニコン.docx,メニコン事業所.csv,
日本航空,日本航空.docx,日本航空事業所.csv,
ティア,ティア.docx,ティア事業所.csv,
デンソー,デンソー.docx,デンソー事業所.csv,
レイ,レイ.docx,レイ事業所.csv,
ヤマハ発動機,ヤマハ発動機.docx,ヤマハ発動機.csv,
大東建託,大東建託.docx,大東建託事業所.csv,
パルマ,パルマ.docx,パルマ事業所.csv,
出前館,出前館.docx,出前館事業所.csv,
京成電鉄,京成電鉄.docx,,
ダイセル,ダイセル.docx,ダイセル事業所.csv,
シンポ,nan,シンポ事業所.csv,
アクセル,アクセル.docx,,
ワークマン,ワークマン.docx,ワークマン事業所.csv,
百十四銀行,百十四銀行.docx,百十四銀行事業所.csv,
アトム,アトム.docx,アトム事業所.csv,
ジェイエスエス,ジェイエスエス.docx,ジェイエスエス事業所.csv,
いすゞ自動車,nan,いすゞ自動車事業所.csv,
碧,nan,碧事業所.csv,
ヤマトホールディングス,ヤマトホールディングス.docx,,
青森銀行,青森銀行.docx,青森銀行事業所.csv,
グローバルウェイ,グローバルウェイ.docx,グローバルウェイ事業所.csv,
ニプロ,ニプロ.docx,ニプロ事業所.csv,
ジャパン・ティッシュ・エンジニアリング,ジャパン・ティッシュ・エンジニアリング.docx,ジャパン・ティッシュ・エンジニアリング.csv,
シード,シード.docx,シード事業所.csv,
東洋水産,東洋水産.docx,東洋水産事業所.csv,
積水ハウス,積水ハウス.docx,積水ハウス事業所.csv,
豊田通商,豊田通商.docx,豊田通商事業所.csv,
マツダ,マツダ.docx,マツダ事業所.csv,
マニー,マニー.docx,マニー事業所.csv,
フジ,フジ.docx,フジ事業所.csv,
ユビテック,ユビテック.docx,,
千葉銀行,千葉銀行.docx,千葉銀行事業所.csv,
森永乳業,森永乳業.docx,森永乳業事業所.csv,
森永製菓,森永製菓.docx,森永製菓事業所.csv,
アウトソーシング,アウトソーシング-IR.docx,アウトソーシング.csv,
トヨタ自動車,TOYOTA-annual report.docx,トヨタ自動車.csv,
ブロードバンドセキュリティ,ブロードバンドセキュリティ-IR.docx,ブロードバンドセキュリティ.csv,
三井化学,三井化学-annual report.docx,三井化学.csv,
ラック,ラック-IR.docx,ラック.csv,
日野自動車,日野自動車-IR.docx,日野自動車.csv,
西日本フィナンシャルホールディングス,西日本FH-IR.docx,西日本フィナンシャルホールディングス.csv,
メルカリ,メルカリ-sustanability report.docx,メルカリ.csv,
エン・ジャパン,エン・ジャパン-IR.docx,エン・ジャパン.csv,
南海電気鉄道,南海電鉄-説明会資料.docx,南海電気鉄道.csv,
荏原実業,荏原実業-決算説明会.docx,荏原実業.csv,
サンドラッグ,nan,サンドラッグ.csv,
オリンパス,IR-オリンパス.docx,オリンパス.csv,
テルモ,テルモ-annual report.docx,テルモ.csv,
エージェント,nan,エージェント.csv,
新京成電鉄,新京成電鉄-事業報告書.docx,新京成電鉄.csv,
ベネフィット・ワン,ベネフィット・ワン-報告書.docx,ベネフィット・ワン.csv,
ユニチカ,ユニチカ-決算説明会.docx,ユニチカ.csv,
マキタ,マキタ-IR.docx,マキタ.csv,
ザインエレクトロニクス,ザインE-決算説明会.docx,ザインエレクトロニクス.csv,
三菱総合研究所,三菱総研ー2020report.docx,三菱総合研究所.csv,
キヤノン電子,キヤノン電子-2021中間報告書.docx,キヤノン電子.csv,
三井住友フィナンシャルグループ,三井住友FG-IR.docx,三井住友フィナンシャルグループ.csv,
フーバーブレイン,フーバーブレイン-決算説明会.docx,フーバーブレイン.csv,
シャープ,シャープ-2020annual report.docx,シャープ.csv,
京セラ,京セラ-統合報告書.docx,京セラ.csv,
富士電機,富士電機-annual report.docx,富士電機.csv,
島津製作所,島津製作所-統合報告書.docx,島津製作所.csv,
ステップ,ステップ-事業報告書.docx,ステップ.csv,
三井物産,三井物産-統合報告書.docx,三井物産.csv,
アイシン,アイシン-決算説明会事業2021.docx,アイシン.csv,
ワタミ,ワタミ-決算説明会2021.docx,ワタミ.csv,
メイテック,メイテック-通期説明会.docx,メイテック.csv,
パス,パス-2020決算説明会第２四半期.docx,パス.csv,
ソフトバンクグループ,ソフトバンクG-annual report.docx,ソフトバンクグループ.csv,
鈴木,鈴木-事業報告書2020.docx,鈴木.csv,
江崎グリコ,江崎グリコ-2021中間事業報告書.docx,江崎グリコ.csv,
ナカヨ,ナカヨ-2020決算説明会.docx,ナカヨ.csv,
シスメックス,シスメックス-統合報告書2020.docx,シスメックス.csv,
日新,日新-2021四半期報告書.docx,日新.csv,
日本触媒,日本触媒-technoamenity report2020.docx,日本触媒.csv,
三菱電機,三菱電機-annual report.docx,三菱電機.csv,
クリエイト,クリエイト-期末決算.docx,クリエイト.csv,
東京建物,東京建物-統合報告書.docx,東京建物.csv,
宝ホールディングス,宝ホールディングス(統合報告書).docx,,
動力,動力.docx,動力.csv,
オムロン,オムロン(統合報告書).docx,オムロン.csv,
不二精機,不二精機(決算説明).docx,不二精機.csv,
富士フイルムホールディングス,富士フイルムホールディングス(統合報告書).docx,,
新日本科学,新日本科学(決算説明).docx,新日本科学.csv,
クルーズ,クルーズ(決算説明).docx,,
富士ソフト,富士ソフト(決算説明).docx,富士ソフト.csv,
日本通信,日本通信(決算説明).docx,,
エラン,エラン(決算説明).docx,エラン.csv,
ビズライト・テクノロジー,ビズライト・テクノロジー.docx,ビズライト・テクノロジー.csv,
日清食品ホールディングス,日清食品ホールディングス(決算説明).docx,日清食品ホールディングス.csv,
サイバーエージェント,サイバーエージェント(統合報告書).docx,サイバーエージェント.csv,
三井不動産,三井不動産(統合報告書).docx,三井不動産.csv,
ランド,ランド.docx,,
関西電力,関西電力(統合報告書).docx,関西電力.csv,
ナイス,ナイス(決算説明).docx,,
みずほフィナンシャルグループ,みずほフィナンシャルグループ(決算説明).docx,,
ハブ,ハブ(決算説明).docx,,
パナソニック,パナソニック(統合報告書).docx,パナソニック.csv,
藍澤證券,藍澤證券(決算説明).docx,,
日立製作所,日立製作所(統合報告書).docx,,
さくらインターネット,さくらインターネット(決算説明).docx,さくらインターネット.csv,
ヤマト,ヤマト(統合報告書).docx,ヤマト.csv,
横浜ゴム,横浜ゴム(統合報告書).docx,横浜ゴム.csv,
リコー,リコー(統合報告書).docx,リコー.csv,
アンリツ,アンリツ(統合報告書).docx,アンリツ.csv,
野村ホールディングス,野村ホールディングス(統合報告書).docx,,
パーソルホールディングス,パーソルホールディングス(統合報告書).docx,,
川崎重工業,川崎重工業(統合報告書).docx,川崎重工業.csv,
平安レイサービス,平安レイサービス(決算説明).docx,平安レイサービス.csv,
ヒューマンクリエイションホールディングス,ヒューマンクリエイションホールディングス.docx,,
ゼンショーホールディングス,ゼンショーホールディングス(決算説明).docx,,
丸和運輸機関,丸和運輸機関(決算説明).docx,,
エーザイ,エーザイ(統合報告書).docx,,
ヤクルト本社,ヤクルト本社(CSR).docx,,
静岡銀行,静岡銀行(統合報告書).docx,,
コニカミノルタ,コニカミノルタ(統合報告書).docx,コニカミノルタ.csv,
ダスキン,ダスキン(決算説明).docx,ダスキン.csv,
タカラバイオ,タカラバイオ(統合報告書).docx,タカラバイオ.csv,
三菱重工業,三菱重工業(統合報告書).docx,三菱重工業.csv,
住友化学,住友化学(統合報告書).docx,住友化学.csv,
北洋銀行,北洋銀行(決算説明).docx,,