,企業名,DX_Score,SC_Score
0,グンゼ,0,0
1,日産自動車,0,1
2,大和,0,0
3,ゼンリン,0,4
4,近鉄グループホールディングス,5,2
5,小田急電鉄,0,0
6,マルハニチロ,0,6
7,マルシェ,0,0
8,丸八証券,0,0
9,参天製薬,0,3
10,ファンケル,3,9
11,ポート,0,0
12,伊藤園,0,0
13,ナック,0,0
14,ケアサービス,0,0
15,ヤオコー,0,0
16,住友林業,3,10
17,大日本住友製薬,0,4
18,日本通運,24,0
19,沖縄電力,0,0
20,ローソン,8,18
21,アンジェス,0,0
22,ユーグレナ,0,0
23,アステラス製薬,0,14
24,ソフトバンク,0,0
25,日機装,0,2
26,東洋紡,6,7
27,東芝,0,5
28,宇部興産,4,6
29,東武鉄道,2,3
30,ユニ・チャーム,0,14
31,マックスバリュ西日本,0,0
32,富士通,31,9
33,花王,4,0
34,メドピア,0,0
35,ルネサスエレクトロニクス,0,0
36,キヤノン,21,6
37,エス・エム・エス,0,0
38,サンバイオ,0,0
39,ＡＮＡホールディングス,0,9
40,村田製作所,0,0
41,住友商事,28,10
42,いちよし証券,0,0
43,ソースネクスト,0,0
44,日本瓦斯,0,0
45,ユナイテッド,10,0
46,アスクル,5,0
47,コシダカホールディングス,0,0
48,キーエンス,0,0
49,丸井グループ,0,0
50,岡山県貨物運送,0,0
51,住友ゴム工業,0,9
52,日本郵船,10,10
53,阪急阪神ホールディングス,0,19
54,アクセルマーク,0,0
55,丸紅,0,9
56,石原産業,0,4
57,住友理工,0,7
58,オークネット,0,2
59,ＫＤＤＩ,19,11
60,ココナラ,0,0
61,エイチ・アイ・エス,0,0
62,ロイヤルホテル,0,0
63,ニチリョク,0,0
64,不二家,0,0
65,光通信,0,0
66,岩谷産業,0,0
67,ブリヂストン,0,0
68,昭和電工,0,2
69,学情,0,0
70,フロンティア,2,0
71,帝人,0,4
72,味の素,11,7
73,前田建設工業,0,0
74,アサヒグループホールディングス,22,5
75,セリア,0,0
76,新生銀行,2,7
77,三菱商事,17,7
78,アイカ工業,2,0
79,大日本印刷,37,8
80,ラクスル,0,0
81,山九,1,0
82,サイゼリヤ,0,0
83,ファミリー,0,0
84,トランコム,1,0
85,シークス,0,8
86,グリー,0,0
87,フリー,0,0
88,資生堂,1,0
89,サンオータス,0,0
90,リオン,0,0
91,コンコルディア・フィナンシャルグループ,6,20
92,出光興産,0,0
93,住友ベークライト,0,0
94,菊池製作所,0,0
95,燦ホールディングス,0,0
96,日本板硝子,0,0
97,メニコン,0,2
98,日本航空,5,19
99,ティア,0,0
100,デンソー,0,8
101,レイ,0,0
102,ヤマハ発動機,10,0
103,大東建託,0,0
104,パルマ,0,0
105,出前館,0,0
106,京成電鉄,0,0
107,ダイセル,0,7
108,シンポ,0,0
109,アクセル,0,0
110,ワークマン,0,0
111,百十四銀行,2,0
112,アトム,2,0
113,ジェイエスエス,0,0
114,いすゞ自動車,0,0
115,碧,0,0
116,ヤマトホールディングス,13,4
117,青森銀行,0,1
118,グローバルウェイ,7,0
119,ニプロ,0,0
120,ジャパン・ティッシュ・エンジニアリング,0,0
121,シード,1,0
122,東洋水産,0,0
123,積水ハウス,7,0
124,豊田通商,8,9
125,マツダ,0,0
126,マニー,0,0
127,フジ,0,0
128,ユビテック,0,0
129,千葉銀行,10,10
130,森永乳業,0,0
131,森永製菓,1,1
132,アウトソーシング,3,14
133,トヨタ自動車,0,19
134,ブロードバンドセキュリティ,0,0
135,三井化学,0,3
136,ラック,0,0
137,日野自動車,3,5
138,西日本フィナンシャルホールディングス,2,36
139,メルカリ,0,0
140,エン・ジャパン,3,7
141,南海電気鉄道,0,5
142,荏原実業,0,0
143,サンドラッグ,0,0
144,オリンパス,0,0
145,テルモ,5,0
146,エージェント,0,0
147,新京成電鉄,0,0
148,ベネフィット・ワン,2,0
149,ユニチカ,0,0
150,マキタ,8,6
151,ザインエレクトロニクス,0,0
152,三菱総合研究所,17,10
153,キヤノン電子,0,1
154,三井住友フィナンシャルグループ,0,4
155,フーバーブレイン,0,0
156,シャープ,0,0
157,京セラ,8,3
158,富士電機,0,12
159,島津製作所,14,7
160,ステップ,0,0
161,三井物産,19,9
162,アイシン,3,0
163,ワタミ,0,0
164,メイテック,1,0
165,パス,0,0
166,ソフトバンクグループ,0,0
167,鈴木,0,0
168,江崎グリコ,0,0
169,ナカヨ,0,3
170,シスメックス,0,0
171,日新,0,0
172,日本触媒,5,4
173,三菱電機,2,11
174,クリエイト,1,3
175,東京建物,0,7
176,宝ホールディングス,0,3
177,動力,0,0
178,オムロン,5,0
179,不二精機,0,0
180,富士フイルムホールディングス,0,0
181,新日本科学,0,0
182,クルーズ,0,0
183,富士ソフト,3,0
184,日本通信,0,1
185,エラン,0,1
186,ビズライト・テクノロジー,0,0
187,日清食品ホールディングス,1,3
188,サイバーエージェント,0,4
189,三井不動産,4,19
190,ランド,0,0
191,関西電力,21,0
192,ナイス,1,0
193,みずほフィナンシャルグループ,0,2
194,ハブ,0,0
195,パナソニック,0,14
196,藍澤證券,0,0
197,日立製作所,21,3
198,さくらインターネット,0,0
199,ヤマト,13,4
200,横浜ゴム,5,5
201,リコー,3,20
202,アンリツ,0,13
203,野村ホールディングス,9,4
204,パーソルホールディングス,4,9
205,川崎重工業,9,4
206,平安レイサービス,0,0
207,ヒューマンクリエイションホールディングス,0,0
208,ゼンショーホールディングス,0,0
209,丸和運輸機関,7,0
210,エーザイ,7,14
211,ヤクルト本社,0,16
212,静岡銀行,14,3
213,コニカミノルタ,31,8
214,ダスキン,0,0
215,タカラバイオ,0,0
216,三菱重工業,0,13
217,住友化学,0,0
218,北洋銀行,0,1
