,高齢者雇用,登場回数
0,鈴木,36
1,トヨタ自動車,23
2,ローソン,15
3,日新,14
4,富士通,13
5,三菱電機,11
6,三菱重工業,9
7,三井不動産,8
8,昭和電工,7
9,日立製作所,7
10,マツダ,7
11,富士電機,7
12,シャープ,6
13,丸紅,6
14,フジ,6
15,キヤノン,5
16,住友商事,5
17,帝人,5
18,日産自動車,5
19,パナソニック,5
20,三井物産,5
21,大和,4
22,アステラス製薬,4
23,花王,4
24,川崎重工業,4
25,関西電力,4
26,京セラ,4
27,住友化学,4
28,東芝,4
29,日本郵船,4
30,みずほフィナンシャルグループ,4
31,三井化学,4
32,三菱商事,4
33,リコー,4
34,森永製菓,4
35,ヤマト,4
36,ファンケル,3
37,三菱総合研究所,3
38,アクセル,3
39,味の素,3
40,出光興産,3
41,オムロン,3
42,ＫＤＤＩ,3
43,静岡銀行,3
44,資生堂,3
45,積水ハウス,3
46,大日本印刷,3
47,デンソー,3
48,東洋紡,3
49,日本航空,3
50,ブリヂストン,3
51,村田製作所,3
52,ユニ・チャーム,3
53,マルシェ,2
54,フリー,2
55,動力,2
56,前田建設工業,2
57,アサヒグループホールディングス,2
58,ＡＮＡホールディングス,2
59,テルモ,2
60,日本通運,2
61,野村ホールディングス,2
62,富士フイルムホールディングス,2
63,丸井グループ,2
64,三井住友フィナンシャルグループ,2
65,ヤマトホールディングス,2
66,アウトソーシング,2
67,メイテック,2
68,マックスバリュ西日本,2
69,ダスキン,1
70,エン・ジャパン,1
71,ランド,1
72,ケアサービス,1
73,マニー,1
74,住友林業,1
75,ファミリー,1
76,アスクル,1
77,岡山県貨物運送,1
78,宇部興産,1
79,北洋銀行,1
80,日本触媒,1
81,ステップ,1
82,ハブ,1
83,エーザイ,1
