﻿企業名,登場回数
鈴木,36
イオン,36
トヨタ自動車,23
ローソン,15
日新,14
ダイキン工業,14
富士通,13
大和ハウス工業,11
三菱電機,11
パソナグループ,10
大和証券グループ本社,9
大成建設,9
三菱重工業,9
三井不動産,8
テラ,8
ＩＨＩ,8
高島屋,8
ファナック,8
ＴＡＣ,8
清水建設,7
昭和電工,7
日立製作所,7
マツダ,7
富士電機,7
オカムラ,6
セコム,6
シャープ,6
伊藤忠商事,6
神戸製鋼所,6
東日本旅客鉄道,6
丸紅,6
フジ,6
ノジマ,5
岡部,5
ライフコーポレーション,5
安川電機,5
大林組,5
キヤノン,5
住友商事,5
帝人,5
日産自動車,5
パナソニック,5
三井物産,5
三菱地所,5
エフピコ,5
大和,4
ニッセイ,4
ＳＣＳＫ,4
セブン＆アイ・ホールディングス,4
アステラス製薬,4
花王,4
川崎重工業,4
関西電力,4
京セラ,4
住友化学,4
第一三共,4
ＴＤＫ,4
東芝,4
東レ,4
日本郵船,4
みずほフィナンシャルグループ,4
三井化学,4
三菱商事,4
三菱マテリアル,4
ヤマハ,4
リコー,4
森永製菓,4
ヤマト,4
アルファ,4
いなげや,4
中京医薬品,4
ミツバ,4
明電舎,3
高島,3
野村総合研究所,3
ぐるなび,3
ファンケル,3
三菱総合研究所,3
アクセル,3
旭化成,3
味の素,3
出光興産,3
オムロン,3
オリエンタルランド,3
オリックス,3
カシオ計算機,3
キリンホールディングス,3
クボタ,3
ＫＤＤＩ,3
静岡銀行,3
資生堂,3
商船三井,3
信越化学工業,3
スズキ,3
セイコーホールディングス,3
積水ハウス,3
大日本印刷,3
太平洋セメント,3
武田薬品工業,3
中部電力,3
デンソー,3
東洋紡,3
ＴＯＴＯ,3
凸版印刷,3
名古屋鉄道,3
日清製粉グループ本社,3
日本航空,3
日本精工,3
日本製紙,3
日本たばこ産業,3
日本電産,3
任天堂,3
ファーストリテイリング,3
ブリヂストン,3
村田製作所,3
ユニ・チャーム,3
ローム,3
井関農機,3
中電工,3
川辺,3
コーナン商事,3
コメリ,3
マルシェ,2
レンゴー,2
リクルートホールディングス,2
サイボウズ,2
名古屋銀行,2
ヨロズ,2
ミクロン精密,2
フリー,2
動力,2
サトーホールディングス,2
前田建設工業,2
アサヒグループホールディングス,2
ＡＮＡホールディングス,2
ＭＳ＆ＡＤインシュアランスグループホールディングス,2
王子ホールディングス,2
オンワードホールディングス,2
西武ホールディングス,2
積水化学工業,2
タカラトミー,2
テルモ,2
東京エレクトロン,2
東京海上ホールディングス,2
東洋エンジニアリング,2
ニコン,2
日東電工,2
日本水産,2
日本通運,2
野村ホールディングス,2
富士フイルムホールディングス,2
ＨＯＹＡ,2
丸井グループ,2
三井住友フィナンシャルグループ,2
三越伊勢丹ホールディングス,2
三菱ケミカルホールディングス,2
三菱食品,2
明治ホールディングス,2
ヤマトホールディングス,2
ワコールホールディングス,2
ＤＩＣ,2
ブラザー工業,2
ニトリホールディングス,2
三菱製紙,2
アウトソーシング,2
古河電気工業,2
ユアテック,2
あじかん,2
イズミ,2
チタン工業,2
大黒天物産,2
山陰合同銀行,2
三谷産業,2
システムインテグレータ,2
奥村組,2
メイテック,2
マックスバリュ西日本,2
モロゾフ,2
スリーエフ,2
塩野義製薬,2
サンデー,2
りそなホールディングス,1
ダスキン,1
信和,1
情報企画,1
電通国際情報サービス,1
エン・ジャパン,1
ナガセ,1
ランド,1
ケアサービス,1
ふくおかフィナンシャルグループ,1
ケア２１,1
ＤＭＧ森精機,1
マックス,1
マニー,1
ベクトル,1
住友林業,1
ダイイチ,1
ファミリー,1
東海旅客鉄道,1
ダイキン工業ベース,1
日本Ｍ＆Ａセンター,1
ツルハホールディングス,1
アスクル,1
いつも,1
戸田工業,1
西川ゴム工業,1
ウッドワン,1
アヲハタ,1
福留ハム,1
ＪＭＳ,1
中国電力,1
広島ガス,1
ポプラ,1
広島電鉄,1
データホライゾン,1
石井表記,1
マナック,1
ヤスハラケミカル,1
自重堂,1
青山商事,1
福山通運,1
ハローズ,1
中国銀行,1
トマト銀行,1
萩原工業,1
タツモ,1
岡山製紙,1
天満屋ストア,1
岡山県貨物運送,1
ＫＧ情報,1
テイツー,1
大本組,1
ミサワホーム中国,1
宇部興産,1
長府製作所,1
トクヤマ,1
東ソー,1
林兼産業,1
京都銀行,1
戸田建設,1
北洋銀行,1
加藤製作所,1
日本毛織,1
日立造船,1
日本触媒,1
アイル,1
ステップ,1
ぴあ,1
京浜急行電鉄,1
イオン九州,1
ハブ,1
シー・ヴイ・エス・ベイエリア,1
ミニストップ,1
エーザイ,1
千代田化工建設,1