,継続雇用,登場回数
0,富士通,41
1,トヨタ自動車,31
2,東芝,28
3,日立製作所,17
4,パナソニック,17
5,キヤノン,17
6,味の素,14
7,三菱電機,10
8,大和,9
9,資生堂,9
10,フジ,9
11,京セラ,9
12,三菱重工業,9
13,川崎重工業,8
14,アウトソーシング,8
15,マツダ,8
16,花王,7
17,前田建設工業,7
18,シスメックス,6
19,シャープ,6
20,日産自動車,6
21,ルネサスエレクトロニクス,6
22,デンソー,5
23,三菱商事,5
24,丸紅,5
25,メニコン,5
26,ラック,5
27,エン・ジャパン,4
28,ＡＮＡホールディングス,4
29,フリー,4
30,野村ホールディングス,4
31,鈴木,4
32,ファンケル,4
33,静岡銀行,4
34,新生銀行,4
35,大東建託,4
36,日本郵船,4
37,ゼンショーホールディングス,4
38,島津製作所,4
39,サイバーエージェント,4
40,富士電機,4
41,日本航空,3
42,ヤオコー,3
43,宇部興産,3
44,江崎グリコ,3
45,昭和電工,3
46,ダイセル,3
47,大日本住友製薬,3
48,東洋紡,3
49,日本通運,3
50,ヤクルト本社,3
51,ヤマハ発動機,3
52,富士フイルムホールディングス,3
53,ヤマト,3
54,関西電力,3
55,村田製作所,3
56,アイシン,3
57,ソフトバンクグループ,2
58,ステップ,2
59,三井物産,2
60,三菱総合研究所,2
61,アスクル,2
62,アンリツ,2
63,日本触媒,2
64,みずほフィナンシャルグループ,2
65,積水ハウス,2
66,メイテック,2
67,リコー,2
68,出光興産,2
69,サイゼリヤ,2
70,ダスキン,2
71,ワタミ,2
72,三井不動産,2
73,北洋銀行,2
74,ユニ・チャーム,2
75,ＫＤＤＩ,2
76,オリンパス,2
77,三井化学,2
78,ソフトバンク,2
79,ハブ,2
80,百十四銀行,1
81,青森銀行,1
82,テルモ,1
83,ファミリー,1
84,アクセル,1
85,伊藤園,1
86,山九,1
87,参天製薬,1
88,住友理工,1
89,森永製菓,1
90,エイチ・アイ・エス,1
91,住友化学,1
92,エーザイ,1
93,グンゼ,1
94,マックスバリュ西日本,1
95,ヤマトホールディングス,1
96,グリー,1
97,千葉銀行,1
98,日清食品ホールディングス,1
99,日本板硝子,1
100,丸和運輸機関,1
101,横浜ゴム,1
102,マニー,1
103,コニカミノルタ,1
104,住友商事,1
105,豊田通商,1
106,大日本印刷,1
107,帝人,1
108,ブリヂストン,1
109,アステラス製薬,1
110,住友林業,1
111,オムロン,1
112,住友ゴム工業,1
113,ローソン,1
114,富士ソフト,1
115,いすゞ自動車,1
