﻿企業名,登場回数
富士通,41
トヨタ自動車,31
東芝,28
平和,25
イビデン,23
イオン,19
オリックス,18
日立製作所,17
パナソニック,17
キヤノン,17
カメイ,16
ＴＯＴＯ,15
味の素,14
大和ハウス工業,14
ＩＨＩ,13
高島屋,12
大和証券グループ本社,11
カネカ,11
コクヨ,11
トクヤマ,11
アルビス,11
ＮＴＮ,10
三菱電機,10
ミツバ,10
協立電機,10
大和,9
パソナグループ,9
資生堂,9
ハイデイ日高,9
フジ,9
ダイキン工業,9
京セラ,9
三菱重工業,9
豊田自動織機,9
松竹,9
三谷産業,8
ニッセイ,8
マンダム,8
川崎重工業,8
アウトソーシング,8
マツダ,8
スクロール,8
ライフコーポレーション,7
花王,7
前田建設工業,7
タカノ,6
京葉銀行,6
ヨロズ,6
ギフト,6
シスメックス,6
イズミ,6
三菱地所,6
セブン＆アイ・ホールディングス,6
シャープ,6
日産自動車,6
武田薬品工業,6
レンゴー,6
東レ,6
ルネサスエレクトロニクス,6
京都銀行,5
明電舎,5
ハマキョウレックス,5
ＳＣＳＫ,5
アキレス,5
デンソー,5
クレディセゾン,5
サトーホールディングス,5
九州電力,5
東海旅客鉄道,5
持田製薬,5
横河電機,5
三菱商事,5
クラレ,5
凸版印刷,5
昭光通商,5
歌舞伎座,5
東急,5
テクノアルファ,5
大成建設,5
丸紅,5
旭化成,5
メニコン,5
ラック,5
エン・ジャパン,4
ＡＮＡホールディングス,4
セイコーエプソン,4
フリー,4
グローリー,4
野村ホールディングス,4
鈴木,4
ドラフト,4
椿本チエイン,4
吉野家ホールディングス,4
ファンケル,4
オービック,4
カゴメ,4
カシオ計算機,4
兼松,4
塩野義製薬,4
静岡銀行,4
新生銀行,4
綜合警備保障,4
大東建託,4
中国銀行,4
中部電力,4
豊田合成,4
日清製粉グループ本社,4
日本精工,4
日本製紙,4
日本郵船,4
三菱マテリアル,4
雪印メグミルク,4
ライオン,4
リゾートトラスト,4
リョービ,4
ゼンショーホールディングス,4
島津製作所,4
ファインデックス,4
サイバーエージェント,4
古河電気工業,4
ベクトル,4
安川電機,4
富士電機,4
サンセイ,4
阿波銀行,3
愛媛銀行,3
日本航空,3
ファーストリテイリング,3
ミマキエンジニアリング,3
ヤオコー,3
チャーム・ケア・コーポレーション,3
アコム,3
アドバンテスト,3
宇部興産,3
エクセディ,3
江崎グリコ,3
大塚商会,3
小野薬品工業,3
オリエンタルランド,3
関電工,3
キヤノンマーケティングジャパン,3
キユーピー,3
共同印刷,3
熊谷組,3
栗田工業,3
京王電鉄,3
建設技術研究所,3
小糸製作所,3
コーセー,3
サンゲツ,3
ＣＫＤ,3
ＪＳＲ,3
商船三井,3
昭和産業,3
昭和電工,3
双日,3
大王製紙,3
大建工業,3
ダイセル,3
ダイニック,3
大日本住友製薬,3
太陽誘電,3
タムラ製作所,3
千葉興業銀行,3
テイ・エステック,3
東京応化工業,3
東ソー,3
東洋紡,3
名古屋銀行,3
ニコン,3
ニチアス,3
日油,3
ニチレイ,3
日清紡ホールディングス,3
日本通運,3
日本ハム,3
日本特殊陶業,3
浜松ホトニクス,3
日立金属,3
富士通ゼネラル,3
マックスバリュ東海,3
丸全昭和運輸,3
三ツ星ベルト,3
ミニストップ,3
ヤクルト本社,3
ヤマハ発動機,3
リンテック,3
ローランド,3
ゴールドウイン,3
富士フイルムホールディングス,3
神戸製鋼所,3
しまむら,3
日立造船,3
ローム,3
いつも,3
清水建設,3
エコス,3
クイック,3
ヤマト,3
関西電力,3
日本駐車場開発,3
野村総合研究所,3
村田製作所,3
クボタ,3
アイシン,3
市光工業,3
コマニー,2
ソフトバンクグループ,2
ファーストステージ,2
うるる,2
アカツキ,2
ゆうちょ銀行,2
ステップ,2
ノジマ,2
王子ホールディングス,2
東洋インキＳＣホールディングス,2
ワールド,2
東邦銀行,2
ライフネット生命保険,2
コムシスホールディングス,2
八十二銀行,2
ケア２１,2
セコム,2
日本精機,2
三井物産,2
三菱総合研究所,2
イオンモール,2
西武ホールディングス,2
愛三工業,2
ＩＤＥＣ,2
アスクル,2
アンリツ,2
イオン九州,2
イオンフィナンシャルサービス,2
ＮＳＤ,2
ＦＤＫ,2
エフテック,2
オートバックスセブン,2
オリエントコーポレーション,2
加藤産業,2
カナモト,2
川崎汽船,2
北野建設,2
近鉄エクスプレス,2
ゲオホールディングス,2
サノヤスホールディングス,2
ジーフット,2
ジャックス,2
スギホールディングス,2
スタジオアリス,2
セーレン,2
ＴＰＲ,2
デンカ,2
戸田建設,2
飛島建設,2
トラスコ中山,2
西松建設,2
日清オイリオグループ,2
日本化薬,2
日本触媒,2
日本新薬,2
ハリマ化成グループ,2
東日本旅客鉄道,2
日立物流,2
広島電鉄,2
堀場製作所,2
三井倉庫ホールディングス,2
ワコールホールディングス,2
みずほフィナンシャルグループ,2
積水ハウス,2
メイテック,2
青山商事,2
リコー,2
三越伊勢丹ホールディングス,2
ヤマハ,2
ピジョン,2
イオン北海道,2
出光興産,2
上組,2
コネクシオ,2
サイゼリヤ,2
サカタのタネ,2
滋賀銀行,2
住友金属鉱山,2
ダスキン,2
ツムラ,2
西日本鉄道,2
日東工業,2
日本ゼオン,2
日本電気硝子,2
日本電産,2
ＵＡＣＪ,2
ワタベウェディング,2
ワタミ,2
みちのく銀行,2
水戸証券,2
大林組,2
新光電気工業,2
トヨタ紡織,2
三浦工業,2
三井不動産,2
北洋銀行,2
安藤・間,2
エディオン,2
東北電力,2
日立建機,2
千代田化工建設,2
ユニ・チャーム,2
ジャパンマテリアル,2
ケーズホールディングス,2
ＫＤＤＩ,2
日本Ｍ＆Ａセンター,2
オリンパス,2
ＴＤＫ,2
三井化学,2
ソフトバンク,2
三協立山,2
日本空調サービス,2
前田工繊,2
古野電気,2
沖電気工業,2
ハブ,2
モロゾフ,2
東陽テクニカ,1
百十四銀行,1
青森銀行,1
ＺＯＺＯ,1
高島,1
穴吹興産,1
タカキタ,1
りそなホールディングス,1
電通国際情報サービス,1
いなげや,1
ホクト,1
あおぞら銀行,1
フィット,1
ブレインパッド,1
清水銀行,1
テルモ,1
マルヨシセンター,1
ファミリー,1
武蔵野銀行,1
アクセル,1
伊藤園,1
エア・ウォーター,1
エフピコ,1
河西工業,1
きんでん,1
山九,1
参天製薬,1
サンデンホールディングス,1
ＪＶＣケンウッド,1
シチズン時計,1
十六銀行,1
ＳＣＲＥＥＮホールディングス,1
住友理工,1
ダイフク,1
ダイヘン,1
太陽ホールディングス,1
ディップ,1
東京電力ホールディングス,1
トーエネック,1
トピー工業,1
日本水産,1
ニトリホールディングス,1
阪和興業,1
ホシザキ,1
マツモトキヨシホールディングス,1
三重交通グループホールディングス,1
三菱食品,1
三菱製鋼,1
メタウォーター,1
森永製菓,1
理研計器,1
リンナイ,1
ルネサンス,1
ウィル,1
エイチ・アイ・エス,1
ウエルシアホールディングス,1
スズキ,1
アインホールディングス,1
コスモス薬品,1
ＪＰホールディングス,1
ＰＡＬＴＡＣ,1
住友化学,1
エーザイ,1
日本たばこ産業,1
プレステージ・インターナショナル,1
秋田銀行,1
アクシアルリテイリング,1
アダストリア,1
イトーキ,1
エスケー化研,1
カルビー,1
紀陽銀行,1
グンゼ,1
システナ,1
スズケン,1
日本オラクル,1
日本信号,1
日本ユニシス,1
パラマウントベッドホールディングス,1
平和堂,1
北海道コカ・コーラボトリング,1
マックスバリュ西日本,1
三井海洋開発,1
モリト,1
ヤマトホールディングス,1
クラウドワークス,1
ショーケース,1
グランディハウス,1
良品計画,1
キリンホールディングス,1
キッコーマン野村ホールディングス,1
フィデアホールディングス,1
アツギ,1
伊藤忠食品,1
エスペック,1
ＮＯＫ,1
奥村組,1
グリー,1
ケンコーマヨネーズ,1
三洋化成工業,1
スター精密,1
ダイハツディーゼル,1
千葉銀行,1
日清食品ホールディングス,1
日新電機,1
日本板硝子,1
日本取引所グループ,1
ヒマラヤ,1
ホソカワミクロン,1
丸和運輸機関,1
モスフードサービス,1
横浜ゴム,1
ラウンドワン,1
第一三共,1
技研製作所,1
東急不動産ホールディングス,1
ふくおかフィナンシャルグループ,1
山崎製パン,1
オークワ,1
西松屋チェーン,1
あさひ,1
オンワードホールディングス,1
不二越,1
ユアテック,1
マニー,1
コニカミノルタ,1
エステー,1
ＴＯＫＡＩホールディングス,1
スルガ銀行,1
田辺工業,1
トレンダーズ,1
ディー・エヌ・エー,1
ポーラ・オルビスホールディングス,1
ロイヤルホールディングス,1
コメリ,1
システムサポート,1
住友商事,1
豊田通商,1
大日本印刷,1
帝人,1
積水化学工業,1
ディスコ,1
日東電工,1
かんぽ生命保険,1
伊藤忠商事,1
ブリヂストン,1
アステラス製薬,1
ＡＤＥＫＡ,1
住友電気工業,1
トッパン・フォームズ,1
信越化学工業,1
トレンドマイクロ,1
中外製薬,1
住友林業,1
オムロン,1
東芝テック,1
ＮＥＣネッツエスアイ,1
ブラザー工業,1
曙ブレーキ工業,1
住友ゴム工業,1
伊藤忠テクノソリューションズ,1
ローソン,1
日本郵政,1
富士ソフト,1
ニフコ,1
ジェイテクト,1
ディー・エル・イー,1
セイコーホールディングス,1
セガサミーホールディングス,1
キッコーマン,1
サッポロホールディングス,1
今村証券,1
ＳＵＭＣＯ,1
いすゞ自動車,1
野村総合研究所オリックス,1
テラ,1
栃木銀行,1
大日光・エンジニアリング,1
セイノーホールディングス,1
日本毛織,1
ぴあ,1
東洋エンジニアリング,1
ＡＯＫＩホールディングス,1
ライトオン,1
コナカ,1
四国銀行,1