﻿word1,word2,intersection_count,count1,count2,union_count,jaccard_coef
ダイヘン,九州電力,2,2,2,2,1.0
ファミリー,フィット,2,2,2,2,1.0
イビデン,新光電気工業,1,1,1,1,1.0
ナブテスコ,住友金属鉱山,1,1,1,1,1.0
ジョルダン,平和,4,4,6,6,0.6666666666666666
サイバーエージェント,マクアケ,1,1,2,2,0.5
サンオータス,ポート,2,7,3,8,0.25
サンオータス,京浜急行電鉄,3,7,10,14,0.21428571428571427
住友不動産,小田急電鉄,2,6,6,10,0.2
京王電鉄,住友不動産,2,6,6,10,0.2
京王電鉄,小田急電鉄,2,6,6,10,0.2
トヨタ紡織,豊田合成,2,6,6,10,0.2
トヨタ紡織,愛知製鋼,2,6,6,10,0.2
愛知製鋼,豊田合成,2,6,6,10,0.2
サーバーワークス,フィーチャ,2,3,10,11,0.18181818181818182
トヨタ紡織,豊田自動織機,2,6,10,14,0.14285714285714285
豊田合成,豊田自動織機,2,6,10,14,0.14285714285714285
愛知製鋼,豊田自動織機,2,6,10,14,0.14285714285714285
住友商事,自動車,27572,90459,163930,226817,0.1215605532213194
グンゼ,三洋化成工業,3,21,8,26,0.11538461538461539
アクセル,スペース,2,10,14,22,0.09090909090909091
アルプスアルパイン,横浜ゴム,6,12,62,68,0.08823529411764706
モビリティ,自動車,18331,80623,163930,226222,0.08103102262379433
いすゞ自動車,日野自動車,3,21,20,38,0.07894736842105263
モビリティ,住友商事,11824,80623,90459,159258,0.07424430797824913
ゼンリン,横浜ゴム,20,278,62,320,0.0625
スペース,ポート,1,14,3,16,0.0625
スペース,日新,1,14,4,17,0.058823529411764705
ジャパンエンジンコーポレーション,小糸製作所,3,21,39,57,0.05263157894736842
ティア,日本精機,1,18,2,19,0.05263157894736842
アイサンテクノロジー,ティア,1,3,18,20,0.05
