﻿word1,word2,intersection_count,count1,count2,union_count,jaccard_coef
中京銀行,愛知銀行,2,2,2,2,1.0
ミロク情報サービス,ライトアップ,1,1,1,1,1.0
コマニー,三谷産業,3,5,3,5,0.6
マックスバリュ西日本,静岡銀行,2,4,2,4,0.5
カカクコム,デジタルガレージ,1,1,2,2,0.5
ナイス,ナカヨ,8,16,12,20,0.4
コマニー,小松ウオール工業,2,5,2,5,0.4
ビートレンド,プレイド,1,2,2,3,0.3333333333333333
かっこ,ビートレンド,1,2,2,3,0.3333333333333333
かっこ,プレイド,1,2,2,3,0.3333333333333333
シキボウ,関西ペイント,1,1,3,3,0.3333333333333333
フリー,百十四銀行,2,7,2,7,0.2857142857142857
カナミックネットワーク,ファイバーゲート,2,4,6,8,0.25
かんぽ生命保険,日本郵政,2,2,9,9,0.2222222222222222
ビズライト・テクノロジー,北洋銀行,20,64,52,96,0.20833333333333334
ウェザーニューズ,荏原実業,2,4,10,12,0.16666666666666666
グリー,パーソルホールディングス,2,2,12,12,0.16666666666666666
ウィル,ウィルグループ,1,4,3,6,0.16666666666666666
クラウドワークス,ラクスル,1,4,4,7,0.14285714285714285
フジテック,帝国繊維,1,8,1,8,0.125
エス・エム・エス,青森銀行,5,43,14,52,0.09615384615384616
エスペック,日本コークス工業,1,6,6,11,0.09090909090909091
スノーピーク,ダイニチ工業,1,6,6,11,0.09090909090909091
花王,資生堂,662,6241,1906,7485,0.0884435537742151
エージェント,ワタミ,4,44,12,52,0.07692307692307693
エスペック,学研ホールディングス,2,6,22,26,0.07692307692307693
学研ホールディングス,日本コークス工業,2,22,6,26,0.07692307692307693
アクシージア,アピリッツ,2,14,14,26,0.07692307692307693
ヒューリック,リソー教育,1,13,1,13,0.07692307692307693
マルシェ,リコー,24,56,301,333,0.07207207207207207
ファミリー,大東建託,2,18,12,28,0.07142857142857142
スノーピーク,光通信,1,6,9,14,0.07142857142857142
ダイニチ工業,光通信,1,6,9,14,0.07142857142857142
ユニチカ,豊田通商,2,24,8,30,0.06666666666666667
サンドラッグ,ベネフィット・ワン,2,10,23,31,0.06451612903225806
シンポ,スーパーシティ,3,6,45,48,0.0625
サイバーエージェント,ソフトバンクグループ,2,5,31,34,0.058823529411764705
ダイフク,住友林業,1,6,12,17,0.058823529411764705
システナ,データホライゾン,1,9,9,17,0.058823529411764705
オープンハウス,ツクイホールディングス,1,8,10,17,0.058823529411764705
オープンハウス,サンドラッグ,1,8,10,17,0.058823529411764705
エラン,クリエイト,4,20,55,71,0.056338028169014086
セリア,ヤオコー,2,19,19,36,0.05555555555555555
アトム,菊池製作所,1,3,16,18,0.05555555555555555
アルフレッサホールディングス,メディパルホールディングス,9,87,87,165,0.05454545454545454
キーエンス,レーザーテック,1,16,4,19,0.05263157894736842
コシダカホールディングス,住友ゴム工業,1,10,10,19,0.05263157894736842
コシダカホールディングス,ジェイエスエス,1,10,10,19,0.05263157894736842
コシダカホールディングス,フジ,1,10,10,19,0.05263157894736842
ジェイエスエス,住友ゴム工業,1,10,10,19,0.05263157894736842
フジ,住友ゴム工業,1,10,10,19,0.05263157894736842
ジェイエスエス,フジ,1,10,10,19,0.05263157894736842
クレハ,コメリ,1,10,10,19,0.05263157894736842
オープンハウス,大東建託,1,8,12,19,0.05263157894736842
サンドラッグ,ツクイホールディングス,1,10,10,19,0.05263157894736842
オープンハウス,住友林業,1,8,12,19,0.05263157894736842
ココナラ,ヒューマンクリエイションホールディングス,6,71,54,119,0.05042016806722689
フロンティア,ユニチカ,2,18,24,40,0.05
コシダカホールディングス,日新,1,10,11,20,0.05
住友ゴム工業,日新,1,10,11,20,0.05
ジェイエスエス,日新,1,10,11,20,0.05
フジ,日新,1,10,11,20,0.05
